{
    "cx3"  : [ 3.58430357e-14, 3.45233573e-12,-2.96046360e-09],
    "cx2"  : [ 8.08807941e-24, 2.09993559e-21, 7.15754480e-20],
    "cx1"  : [-2.81417999e-09, 2.28079302e-08, 2.00028666e-03],
    "cx0"  : [ 1.17159885e-20, 3.67592588e-18, 1.40717456e-16],
    "cy2"  : [-6.11051448e-12, 1.25819506e-09, 5.88499965e-07],
    "cy1"  : [ 5.86142873e-15,-2.89421332e-13,-4.29790164e-11],
    "cy0"  : [ 5.57820033e-07,-1.99269806e-03, 1.33009924e-05],
    "cpsi3": [ 0.0           , 0.0           ,-7.42900000e-08],
    "cpsi2": [ 0.0           , 0.0           , 0.0           ], 
    "cpsi1": [-8.43038897e-08, 7.51447610e-05, 1.74123398e-02],
    "cpsi0": [ 0.0           , 0.0           , 0.0           ]
}
